<?xml version="1.0" encoding="UTF-8"?>
<project-private xmlns="http://www.netbeans.org/ns/project-private/1">
    <editor-bookmarks xmlns="http://www.netbeans.org/ns/editor-bookmarks/2" lastBookmarkId="0"/>
    <open-files xmlns="http://www.netbeans.org/ns/projectui-open-files/2">
        <group>
            <file>file:/C:/Users/crisp/OneDrive/Desktop/Universidad/Programación%20II/Programas/Actividad%20manejo%20de%20archivos/MarcadoresSerailizable_1/src/Main.java</file>
            <file>file:/C:/Users/crisp/OneDrive/Desktop/Universidad/Programación%20II/Programas/Actividad%20manejo%20de%20archivos/MarcadoresSerailizable_1/src/Empleados.java</file>
        </group>
    </open-files>
</project-private>
